Pergunta;Resposta
Quem criou o Método Ball?;Alice Ball
Qual pesquisadora ajudou a implantar a poliquimioterapia no Brasil?;Maria Leide
Qual cientísta estudou a patobiologia da hanseníase?;Gilla Kaplan
Quem ficou conhecida como a “Mãe dos leprosos”?;Wanda Błeńska.
Quem dedicou mais de 40 anos ao tratamento de pessoas com hanseníase em Uganda?;Wanda Błeńska.
Quem pesquisa biomarcadores imunológicos para o diagnóstico precoce da hanseníase?;Annemieke Geluk.
Quem estuda a resistência aos medicamentos em Mycobacterium leprae?;Charlotte Avanzi.
Quem contribuiu para compreensão anatômica na hanseníase?;Ruth Bowden
Quem escreveu um livro autobiográfico contando sua história como paciente portadora da hanseníase?;Olivia Breitha
Quem foi a primeira mulher a receber o título de Pesquisadora Emérita da Fiocruz por seus estudos com M. leprae?;Euzenir Sarno