codregião;região;codpaís;país;taxa detecção *100.000;taxa prevalência *10.000;taxa detecção GIF2 *1,000,000;
EMR;Eastern Mediterranean;AFG;Afghanistan;0,140;0,001;0,05;
EUR;Europe;ALB;Albania;0,000;0,000;0,00;
AFR;Africa;DZA;Algeria;0,000;0,000;0,00;
EUR;Europe;AND;Andorra;0,000;0,000;0,00;
AFR;Africa;AGO;Angola;2,331;0,489;2,43;
AMR;Americas;ATG;Antigua and Barbuda;0,000;0,000;0,00;
AMR;Americas;ARG;Argentina;0,340;0,063;0,37;
EUR;Europe;ARM;Armenia;0,000;0,000;0,00;
WPR;Western Pacific;AUS;Australia;0,034;0,004;0,11;
EUR;Europe;AUT;Austria;0,000;0,000;0,00;
EUR;Europe;AZE;Azerbaijan;No data;No data;No data;
AMR;Americas;BHS;Bahamas;0,000;0,000;0,00;
EMR;Eastern Mediterranean;BHR;Bahrain;0,062;0,006;0,00;
SEAR;South-East Asia;BGD;Bangladesh;2,028;0,200;1,33;
AMR;Americas;BRB;Barbados;0,000;0,000;0,00;
EUR;Europe;BLR;Belarus;No data;No data;No data;
EUR;Europe;BEL;Belgium;0,000;0,000;0,00;
AMR;Americas;BLZ;Belize;0,000;0,000;0,00;
AFR;Africa;BEN;Benin;0,512;0,059;2,70;
SEAR;South-East Asia;BTN;Bhutan;2,148;0,227;0,00;
AMR;Americas;BOL;Bolivia (Plurinational State of);0,210;0,025;0,32;
EUR;Europe;BIH;Bosnia and Herzegovina;0,000;0,000;0,00;
AFR;Africa;BWA;Botswana;0,004;0,012;0,40;
AMR;Americas;BRA;Brazil;10,440;1,294;10,55;
WPR;Western Pacific;BRN;Brunei Darussalam;0,000;0,000;0,00;
EUR;Europe;BGR;Bulgaria;0,000;0,000;0,00;
AFR;Africa;BFA;Burkina Faso;0,701;0,075;1,91;
AFR;Africa;BDI;Burundi;1,787;0,194;1,78;
AFR;Africa;CPV;Cabo Verde;1,143;0,095;0,00;
WPR;Western Pacific;KHM;Cambodia;0,261;0,028;0,28;
AFR;Africa;CMR;Cameroon;0,367;0,057;0,41;
AMR;Americas;CAN;Canada;0,008;0,001;0,00;
AFR;Africa;CAF;Central African Republic;3,696;0,370;5,82;
AFR;Africa;TCD;Chad;1,389;0,124;3,94;
AMR;Americas;CHL;Chile;0,030;0,003;0,00;
WPR;Western Pacific;CHN;China;0,019;0,004;0,04;
AMR;Americas;COL;Colombia;0,340;0,033;0,78;
AFR;Africa;COM;Comoros;34,620;2,516;13,85;
AFR;Africa;COG;Congo;2,827;0,295;6,95;
WPR;Western Pacific;COK;Cook Islands;0,000;0,000;0,00;
AMR;Americas;CRI;Costa Rica;0,390;0,059;0,78;
AFR;Africa;CIV;Cote d'Ivoire;1,829;0,172;4,45;
EUR;Europe;HRV;Croatia;0,000;0,000;0,00;
AMR;Americas;CUB;Cuba;1,375;0,162;2,10;
EUR;Europe;CYP;Cyprus;0,000;0,000;0,00;
EUR;Europe;CZE;Czechia;No data;No data;No data;
SEAR;South-East Asia;PRK;Democratic People's Republic of Korea;0,000;0,000;0,00;
AFR;Africa;COD;Democratic Republic of the Congo;2,780;0,324;2,43;
EUR;Europe;DNK;Denmark;0,017;0,002;0,17;
EMR;Eastern Mediterranean;DJI;Djibouti;No data;No data;No data;
AMR;Americas;DMA;Dominica;0,000;0,000;0,00;
AMR;Americas;DOM;Dominican Republic;0,726;0,181;1,14;
AMR;Americas;ECU;Ecuador;0,138;0,018;0,00;
EMR;Eastern Mediterranean;EGY;Egypt;0,447;0,093;0,76;
AMR;Americas;SLV;El Salvador;0,047;0,005;0,47;
AFR;Africa;GNQ;Equatorial Guinea;0,317;0,032;0,00;
AFR;Africa;ERI;Eritrea;0,085;0,009;0,00;
EUR;Europe;EST;Estonia;No data;No data;No data;
AFR;Africa;SWZ;Eswatini;0,081;0,008;0,81;
AFR;Africa;ETH;Ethiopia;1,911;0,225;1,74;
WPR;Western Pacific;FJI;Fiji;0,861;0,086;4,31;
EUR;Europe;FIN;Finland;0,000;0,000;0,00;
EUR;Europe;FRA;France;0,029;0,004;0,00;
AFR;Africa;GAB;Gabon;0,158;0,012;1,18;
AFR;Africa;GMB;Gambia;0,290;0,029;0,36;
EUR;Europe;GEO;Georgia;0,000;0,000;0,00;
EUR;Europe;DEU;Germany;0,001;0,000;0,00;
AFR;Africa;GHA;Ghana;0,808;0,108;1,22;
EUR;Europe;GRC;Greece;No data;No data;No data;
AMR;Americas;GRD;Grenada;0,000;0,000;0,00;
AMR;Americas;GTM;Guatemala;0,000;0,002;0,00;
AFR;Africa;GIN;Guinea;1,349;0,142;1,90;
AFR;Africa;GNB;Guinea-Bissau;1,181;0,100;1,82;
AMR;Americas;GUY;Guyana;1,925;0,205;7,22;
AMR;Americas;HTI;Haiti;0,348;0,031;0,93;
AMR;Americas;HND;Honduras;0,000;0,000;0,00;
EUR;Europe;HUN;Hungary;No data;No data;No data;
EUR;Europe;ISL;Iceland;No data;No data;No data;
SEAR;South-East Asia;IND;India;6,958;0,732;1,30;
WPR;Western Pacific;IDN;Indonesia;5,185;0,616;3,07;
EMR;Eastern Mediterranean;IRN;Iran (Islamic Republic of);0,012;0,001;0,03;
EMR;Eastern Mediterranean;IRQ;Iraq;0,007;0,002;0,00;
EUR;Europe;IRL;Ireland;0,019;0,002;0,00;
EUR;Europe;ISR;Israel;No data;No data;No data;
EUR;Europe;ITA;Italy;No data;No data;No data;
AMR;Americas;JAM;Jamaica;0,035;0,004;0,00;
WPR;Western Pacific;JPN;Japan;0,010;0,001;0,00;
EMR;Eastern Mediterranean;JOR;Jordan;0,000;0,000;0,00;
EUR;Europe;KAZ;Kazakhstan;0,000;0,000;0,00;
AFR;Africa;KEN;Kenya;0,167;0,015;0,34;
WPR;Western Pacific;KIR;Kiribati;121,273;12,340;14,87;
EMR;Eastern Mediterranean;KWT;Kuwait;0,122;0,012;0,00;
EUR;Europe;KGZ;Kyrgyzstan;No data;No data;No data;
WPR;Western Pacific;LAO;Lao People's Democratic Republic;0,309;0,031;0,77;
EUR;Europe;LVA;Latvia;0,000;0,000;0,00;
EMR;Eastern Mediterranean;LBN;Lebanon;0,000;0,000;0,00;
AFR;Africa;LSO;Lesotho;0,043;0,004;0,00;
AFR;Africa;LBR;Liberia;1,122;0,001;3,21;
EMR;Eastern Mediterranean;LBY;Libya;0,054;0,001;0,14;
EUR;Europe;LTU;Lithuania;0,000;0,000;0,00;
EUR;Europe;LUX;Luxembourg;0,000;0,000;0,00;
AFR;Africa;MDG;Madagascar;5,359;0,568;10,95;
AFR;Africa;MWI;Malawi;1,575;0,339;8,91;
WPR;Western Pacific;MYS;Malaysia;0,757;0,096;0,48;
SEAR;South-East Asia;MDV;Maldives;0,190;0,019;0,00;
AFR;Africa;MLI;Mali;0,380;0,065;0,29;
EUR;Europe;MLT;Malta;0,000;0,000;0,00;
WPR;Western Pacific;MHL;Marshall Islands;61,250;5,327;0,00;
AFR;Africa;MRT;Mauritania;0,135;0,016;0,00;
AFR;Africa;MUS;Mauritius;0,079;0,016;0,00;
AMR;Americas;MEX;Mexico;0,077;0,021;0,04;
WPR;Western Pacific;FSM;Micronesia (Federated States of);68,930;7,158;0,00;
EUR;Europe;MCO;Monaco;0,000;0,000;0,00;
WPR;Western Pacific;MNG;Mongolia;0,000;0,000;0,00;
EUR;Europe;MNE;Montenegro;0,000;0,000;0,00;
EMR;Eastern Mediterranean;MAR;Morocco;0,047;0,007;0,05;
AFR;Africa;MOZ;Mozambique;8,267;0,003;11,90;
SEAR;South-East Asia;MMR;Myanmar;2,147;0,002;2,64;
AFR;Africa;NAM;Namibia;0,660;0,001;0,00;
WPR;Western Pacific;NRU;Naoero;No data;No data;No data;
SEAR;South-East Asia;NPL;Nepal;8,337;0,913;5,30;
EUR;Europe;NLD;Netherlands (Kingdom of the);No data;No data;No data;
WPR;Western Pacific;NZL;New Zealand;No data;No data;No data;
AMR;Americas;NIC;Nicaragua;0,087;0,009;0,00;
AFR;Africa;NER;Niger;1,195;0,001;1,92;
AFR;Africa;NGA;Nigeria;0,761;0,084;0,88;
WPR;Western Pacific;NIU;Niue;No data;No data;No data;
EUR;Europe;MKD;North Macedonia;No data;No data;No data;
EUR;Europe;NOR;Norway;0,000;0,000;0,00;
EMR;Eastern Mediterranean;OMN;Oman;0,019;0,002;0,00;
EMR;Eastern Mediterranean;PAK;Pakistan;0,086;0,011;0,18;
WPR;Western Pacific;PLW;Palau;11,302;0,011;0,00;
AMR;Americas;PAN;Panama;0,089;0,009;0,22;
WPR;Western Pacific;PNG;Papua New Guinea;3,479;0,004;1,99;
AMR;Americas;PRY;Paraguay;4,027;0,005;6,49;
AMR;Americas;PER;Peru;0,094;0,013;0,06;
WPR;Western Pacific;PHL;Philippines;1,474;0,290;0,16;
EUR;Europe;POL;Poland;No data;No data;No data;
EUR;Europe;PRT;Portugal;0,163;0,016;0,48;
EMR;Eastern Mediterranean;QAT;Qatar;0,689;0,128;2,95;
WPR;Western Pacific;KOR;Republic of Korea;0,010;0,004;0,00;
EUR;Europe;MDA;Republic of Moldova;0,000;0,000;0,00;
EUR;Europe;ROU;Romania;0,000;0,000;0,00;
EUR;Europe;RUS;Russian Federation;No data;No data;No data;
AFR;Africa;RWA;Rwanda;0,210;0,019;0,28;
AMR;Americas;KNA;Saint Kitts and Nevis;0,000;0,000;0,00;
AMR;Americas;LCA;Saint Lucia;0,556;0,111;0,00;
AMR;Americas;VCT;Saint Vincent and the Grenadines;0,000;0,000;0,00;
WPR;Western Pacific;WSM;Samoa;No data;No data;No data;
EUR;Europe;SMR;San Marino;0,000;0,000;0,00;
AFR;Africa;STP;Sao Tome and Principe;0,000;0,000;0,00;
EMR;Eastern Mediterranean;SAU;Saudi Arabia;0,068;0,007;0,00;
AFR;Africa;SEN;Senegal;0,995;0,065;1,41;
EUR;Europe;SRB;Serbia;No data;No data;No data;
AFR;Africa;SYC;Seychelles;0,000;0,000;0,00;
AFR;Africa;SLE;Sierra Leone;1,389;0,684;0,93;
WPR;Western Pacific;SGP;Singapore;0,086;0,009;0,00;
EUR;Europe;SVK;Slovakia;0,000;0,000;0,00;
EUR;Europe;SVN;Slovenia;0,000;0,000;0,00;
WPR;Western Pacific;SLB;Solomon Islands;10,010;1,001;1,22;
EMR;Eastern Mediterranean;SOM;Somalia;6,108;0,447;1,53;
AFR;Africa;ZAF;South Africa;0,028;0,006;0,00;
AFR;Africa;SSD;South Sudan;4,672;0,510;23,28;
EUR;Europe;ESP;Spain;0,017;0,002;0,17;
SEAR;South-East Asia;LKA;Sri Lanka;5,549;0,567;4,03;
EMR;Eastern Mediterranean;SDN;Sudan;0,464;0,077;0,73;
AMR;Americas;SUR;Suriname;1,261;0,189;1,58;
EUR;Europe;SWE;Sweden;0,075;0,000;0,00;
EUR;Europe;CHE;Switzerland;No data;No data;No data;
EMR;Eastern Mediterranean;SYR;Syrian Arab Republic;0,000;0,000;0,00;
EUR;Europe;TUR;T√ºrkiye;0,007;0,001;0,01;
EUR;Europe;TJK;Tajikistan;No data;No data;No data;
SEAR;South-East Asia;THA;Thailand;0,112;0,012;0,24;
SEAR;South-East Asia;TLS;Timor-Leste;7,068;0,800;9,28;
AFR;Africa;TGO;Togo;0,778;0,084;2,94;
WPR;Western Pacific;TON;Tonga;0,000;0,000;0,00;
AMR;Americas;TTO;Trinidad and Tobago;1,194;0,119;1,33;
EMR;Eastern Mediterranean;TUN;Tunisia;No data;No data;No data;
EUR;Europe;TKM;Turkmenistan;No data;No data;No data;
WPR;Western Pacific;TUV;Tuvalu;No data;No data;No data;
AFR;Africa;UGA;Uganda;0,492;0,057;1,02;
EUR;Europe;UKR;Ukraine;0,008;0,001;0,00;
EMR;Eastern Mediterranean;ARE;United Arab Emirates;0,372;0,000;0,00;
EUR;Europe;GBR;United Kingdom of Great Britain and Northern Ireland;0,017;0,002;0,03;
AFR;Africa;TZA;United Republic of Tanzania;1,831;0,198;1,47;
AMR;Americas;USA;United States of America;No data;No data;No data;
AMR;Americas;URY;Uruguay;0,089;0,015;0,00;
EUR;Europe;UZB;Uzbekistan;0,008;0,001;0,08;
WPR;Western Pacific;VUT;Vanuatu;3,356;0,336;0,00;
AMR;Americas;VEN;Venezuela (Bolivarian Republic of);1,063;0,327;0,67;
WPR;Western Pacific;VNM;Viet Nam;0,045;0,005;0,11;
EMR;Eastern Mediterranean;YEM;Yemen;0,347;0,047;0,17;
AFR;Africa;ZMB;Zambia;1,276;0,172;2,82;
AFR;Africa;ZWE;Zimbabwe;0,060;0,004;0,60;